step,obs_mean_r,obs_mean_g,obs_mean_b,road_offset,action_steering,action_gas,action_brake,reward,cumulative_reward,terminated
0,114,148,92,0.0561,-0.0427,0.8558,0.0,0.5586,0.5586,False
1,120,155,96,0.0318,0.081,0.7626,0.009,0.556,1.1145,False
2,114,149,92,0.0368,0.0017,0.9535,0.0,0.6715,1.786,False
3,120,148,92,0.0534,0.0379,0.8843,0.0,0.5878,2.3738,False
4,125,155,91,-0.005,-0.1251,0.7919,0.0,0.4766,2.8504,False
5,117,154,90,0.1584,0.1695,0.7854,0.0,0.5155,3.3659,False
6,122,145,91,0.0838,-0.0098,0.834,0.0101,0.554,3.9199,False
7,119,148,92,0.1076,0.0812,0.8085,0.0,0.5368,4.4568,False
8,114,144,102,0.1211,0.1424,0.761,0.0111,0.5459,5.0026,False
9,129,151,93,0.0569,0.0332,0.7927,0.0,0.5453,5.5479,False
10,109,150,93,0.1555,0.0792,0.8213,0.0289,0.5793,6.1272,False
11,114,136,93,0.2428,0.1999,0.8015,0.0116,0.5825,6.7097,False
12,114,142,91,0.2448,0.2038,0.705,0.0147,0.4483,7.1581,False
13,117,143,87,0.1843,0.0295,0.8585,0.0,0.6384,7.7965,False
14,112,142,91,0.2765,0.163,0.7584,0.0031,0.4093,8.2058,False
15,116,146,88,0.1612,0.2104,0.6289,0.0248,0.377,8.5828,False
16,110,144,90,0.2618,0.1813,0.7808,0.013,0.5871,9.1699,False
17,113,141,91,0.2459,0.0933,0.8123,0.0027,0.452,9.6219,False
18,116,135,93,0.3339,0.2654,0.7322,0.0197,0.5184,10.1403,False
19,111,139,97,0.2675,0.2378,0.7121,0.046,0.4796,10.6199,False
20,118,146,93,0.3841,0.3991,0.604,0.0108,0.357,10.9769,False
21,113,143,89,0.3045,0.1927,0.7247,0.0,0.5202,11.4971,False
22,108,134,80,0.3319,0.2361,0.7314,0.0009,0.4571,11.9542,False
23,104,138,77,0.3911,0.2973,0.6073,0.0,0.2812,12.2354,False
24,109,134,91,0.3968,0.3026,0.6864,0.0,0.4115,12.6469,False
25,116,143,85,0.3354,0.3008,0.6858,0.0133,0.367,13.0139,False
26,115,142,87,0.3267,0.2345,0.7083,0.0265,0.3567,13.3706,False
27,124,146,86,0.2869,0.2977,0.6525,0.0,0.3418,13.7124,False
28,115,144,84,0.3697,0.2865,0.7248,0.0,0.4082,14.1206,False
29,117,149,95,0.3051,0.3059,0.6572,0.0336,0.3835,14.5041,False
30,122,135,91,0.3255,0.1877,0.7626,0.0115,0.5414,15.0455,False
31,121,141,90,0.3333,0.1486,0.7795,0.0028,0.5237,15.5692,False
32,117,142,89,0.3086,0.3624,0.6535,0.0,0.393,15.9622,False
33,120,139,87,0.3321,0.2971,0.7045,0.0,0.4,16.3621,False
34,112,140,91,0.3282,0.2923,0.647,0.0294,0.2907,16.6528,False
35,128,139,95,0.2894,0.0847,0.6862,0.0,0.5434,17.1963,False
36,103,142,87,0.3497,0.2838,0.6876,0.0303,0.476,17.6722,False
37,104,136,94,0.3999,0.2547,0.7185,0.0,0.4991,18.1713,False
38,120,136,85,0.394,0.2289,0.7833,0.0,0.5696,18.741,False
39,116,143,85,0.3628,0.2239,0.6745,0.0069,0.4223,19.1633,False
40,115,143,96,0.2977,0.2757,0.6901,0.0066,0.4661,19.6294,False
41,105,131,94,0.3701,0.2857,0.6969,0.02,0.3887,20.0181,False
42,111,143,89,0.4076,0.4146,0.5959,0.0025,0.2436,20.2617,False
43,114,135,92,0.3028,0.3161,0.6364,0.011,0.4239,20.6856,False
44,113,140,86,0.2551,0.2187,0.6998,0.0,0.4232,21.1088,False
45,109,135,88,0.3805,0.1965,0.7164,0.0297,0.3773,21.4861,False
46,104,147,87,0.3318,0.2238,0.7187,0.0309,0.3506,21.8367,False
47,124,142,95,0.3023,0.1726,0.7295,0.0374,0.4374,22.2741,False
48,123,140,93,0.3219,0.1532,0.7435,0.0,0.5294,22.8035,False
49,109,141,99,0.328,0.3258,0.7029,0.0,0.3463,23.1498,False
50,109,148,94,0.2184,0.2076,0.7881,0.0,0.5026,23.6524,False
51,104,138,81,0.3823,0.1231,0.756,0.0,0.4665,24.1189,False
52,113,130,86,0.4086,0.2256,0.6959,0.0,0.4903,24.6093,False
53,113,141,93,0.2641,0.1916,0.8118,0.0,0.4884,25.0976,False
54,112,141,86,0.3448,0.1799,0.6882,0.0157,0.4522,25.5499,False
55,118,146,90,0.2172,0.1465,0.7888,0.0021,0.4835,26.0334,False
56,118,139,88,0.3231,0.254,0.6982,0.0,0.4439,26.4772,False
57,113,131,92,0.2289,0.2809,0.6336,0.0,0.3002,26.7774,False
58,110,147,91,0.2653,0.3011,0.6569,0.0,0.3912,27.1686,False
59,124,134,95,0.2724,0.271,0.6948,0.0049,0.3459,27.5145,False
60,117,143,89,0.2483,0.1111,0.7065,0.0,0.3721,27.8866,False
61,113,137,89,0.2945,0.2804,0.6941,0.0268,0.4059,28.2926,False
62,120,142,89,0.2329,0.1247,0.765,0.0,0.4229,28.7155,False
63,109,144,98,0.1985,0.0502,0.8067,0.0162,0.5589,29.2744,False
64,113,141,93,0.225,0.2185,0.6993,0.0575,0.4847,29.7591,False
65,122,149,94,0.2047,0.1705,0.7279,0.0,0.4582,30.2173,False
66,126,152,92,0.2183,0.2085,0.7743,0.0053,0.5066,30.7239,False
67,112,144,91,0.2174,0.156,0.7945,0.0,0.5578,31.2817,False
68,121,145,84,0.3099,0.1458,0.7285,0.0,0.5619,31.8436,False
69,118,147,95,0.1991,0.2664,0.6869,0.0168,0.3889,32.2326,False
70,116,136,87,0.2231,0.0629,0.7608,0.0,0.5266,32.7592,False
71,123,150,90,0.1326,0.166,0.806,0.0212,0.5491,33.3083,False
72,115,148,92,0.2041,0.229,0.6554,0.0178,0.2967,33.605,False
73,111,145,92,0.2574,0.2714,0.746,0.0,0.4795,34.0845,False
74,120,146,95,0.1893,0.1201,0.8078,0.0,0.5265,34.6111,False
75,119,142,81,0.1791,0.2067,0.7549,0.0,0.4776,35.0886,False
76,115,134,100,0.25,0.2299,0.6713,0.0227,0.4672,35.5558,False
77,115,143,87,0.222,0.1615,0.7329,0.0,0.3508,35.9067,False
78,123,146,87,0.1688,0.0553,0.7714,0.048,0.4696,36.3762,False
79,117,155,87,0.1276,0.1483,0.7675,0.0102,0.517,36.8933,False
80,112,150,86,0.1427,0.1407,0.8296,0.0,0.4678,37.361,False
81,118,142,93,0.2161,0.1668,0.7861,0.0,0.4526,37.8136,False
82,117,148,83,0.159,0.0992,0.8109,0.0314,0.5304,38.344,False
83,120,147,86,0.1934,0.111,0.7962,0.0425,0.4869,38.8308,False
84,107,138,96,0.3019,0.2328,0.7837,0.0,0.5588,39.3896,False
85,112,142,86,0.2483,0.1761,0.8192,0.0057,0.5351,39.9247,False
86,119,149,98,0.1955,0.1821,0.7857,0.0,0.5343,40.459,False
87,124,146,96,0.1409,0.0827,0.8422,0.0,0.5686,41.0275,False
88,116,152,85,0.2025,0.1359,0.8104,0.0,0.5382,41.5657,False
89,114,141,96,0.3076,0.1543,0.739,0.0,0.4497,42.0154,False
90,105,155,89,0.2552,0.2417,0.723,0.0052,0.4935,42.5089,False
91,111,135,92,0.2861,0.1091,0.7986,0.0,0.5543,43.0631,False
92,115,141,92,0.2682,0.2086,0.7416,0.002,0.3749,43.4381,False
93,113,140,90,0.2928,0.1847,0.7548,0.0,0.5081,43.9462,False
94,113,139,87,0.2829,0.2256,0.7536,0.0,0.5039,44.4501,False
95,112,145,92,0.2673,0.2191,0.7081,0.0037,0.4168,44.8669,False
96,116,152,97,0.2901,0.2577,0.6702,0.0126,0.4525,45.3194,False
97,114,134,97,0.26,0.1513,0.814,0.0396,0.503,45.8224,False
98,121,134,86,0.3736,0.1921,0.7918,0.0,0.5076,46.3301,False
99,119,146,95,0.2497,0.2767,0.7457,0.0,0.5344,46.8645,False
100,110,147,91,0.2579,0.1757,0.8075,0.0003,0.5067,47.3712,False
101,110,146,90,0.2498,0.2181,0.7761,0.0,0.5149,47.8861,False
102,110,140,85,0.3147,0.1172,0.8428,0.0,0.5217,48.4078,False
103,112,133,79,0.3386,0.0966,0.8129,0.0002,0.5662,48.974,False
104,112,140,89,0.3425,0.2881,0.674,0.0,0.4119,49.3859,False
105,114,121,91,0.4296,0.3228,0.641,0.0275,0.3784,49.7643,False
106,111,140,91,0.3038,0.0542,0.7903,0.0,0.5373,50.3016,False
107,109,132,87,0.2661,0.1318,0.8262,0.0,0.6476,50.9492,False
108,110,142,88,0.3145,0.1368,0.8398,0.0012,0.6235,51.5727,False
109,106,131,97,0.4591,0.2606,0.7622,0.0385,0.5384,52.1111,False
110,107,133,84,0.4362,0.3239,0.6575,0.0,0.3558,52.4669,False
111,117,135,97,0.3364,0.2397,0.644,0.0,0.4071,52.8741,False
112,117,135,91,0.3102,0.3022,0.7265,0.0,0.4211,53.2952,False
113,122,144,92,0.2784,0.2985,0.7147,0.0141,0.4165,53.7117,False
114,114,136,88,0.3807,0.3007,0.6359,0.0088,0.3266,54.0383,False
115,109,137,80,0.3725,0.316,0.739,0.0036,0.4603,54.4987,False
116,119,131,90,0.3918,0.2226,0.7251,0.0167,0.4131,54.9118,False
117,111,145,100,0.2532,0.1217,0.7831,0.0,0.4831,55.3949,False
118,106,142,96,0.3004,0.2544,0.6168,0.0,0.2997,55.6946,False
119,126,145,90,0.3182,0.2738,0.7177,0.0335,0.3715,56.0661,False
120,115,141,93,0.2338,0.2341,0.6856,0.0,0.3577,56.4238,False
121,109,134,89,0.4311,0.2632,0.7006,0.0194,0.4155,56.8393,False
122,112,133,87,0.3308,0.1251,0.751,0.0,0.4909,57.3302,False
123,119,142,89,0.3031,0.3028,0.7204,0.0,0.5058,57.836,False
124,105,135,86,0.397,0.2464,0.7315,0.0294,0.4398,58.2758,False
125,113,141,87,0.3248,0.2475,0.6834,0.0,0.3153,58.5912,False
126,116,135,94,0.2606,0.1897,0.7304,0.0205,0.3693,58.9605,False
127,108,137,104,0.3192,0.2414,0.7213,0.0,0.4923,59.4529,False
128,108,138,83,0.3334,0.2698,0.7436,0.0142,0.4202,59.8731,False
129,118,141,92,0.3199,0.2822,0.6104,0.0046,0.3236,60.1967,False
130,118,144,91,0.2405,0.2392,0.7709,0.0194,0.4511,60.6478,False
131,114,139,90,0.2713,0.179,0.6943,0.0153,0.5222,61.17,False
132,111,149,96,0.2159,0.2073,0.8208,0.0198,0.5357,61.7057,False
133,121,141,97,0.1711,0.1841,0.7271,0.0041,0.4154,62.1211,False
134,117,139,90,0.2456,0.0983,0.7455,0.0033,0.528,62.649,False
135,114,144,93,0.217,0.2223,0.7462,0.0,0.4825,63.1316,False
136,120,146,98,0.1901,0.0378,0.7786,0.0197,0.5514,63.683,False
137,117,143,89,0.2771,0.2251,0.6844,0.0088,0.387,64.07,False
138,108,150,98,0.0971,0.0755,0.8071,0.0,0.6073,64.6772,False
139,113,145,89,0.1826,0.0671,0.8393,0.0208,0.5892,65.2664,False
140,118,149,87,0.1546,0.0802,0.8155,0.0,0.487,65.7534,False
141,112,144,99,0.1406,0.0295,0.8505,0.0431,0.5731,66.3265,False
142,118,151,91,0.1991,0.2231,0.7004,0.0266,0.4,66.7266,False
143,118,145,91,0.1257,0.0361,0.8123,0.0367,0.5989,67.3255,False
144,119,155,85,0.1224,-0.0127,0.8497,0.0058,0.584,67.9095,False
145,114,144,90,0.1286,0.058,0.8181,0.0303,0.4838,68.3933,False
146,107,135,97,0.1512,0.1055,0.814,0.0413,0.4505,68.8438,False
147,128,141,87,0.0904,0.0243,0.8447,0.0269,0.5822,69.4259,False
148,122,155,98,0.0183,-0.0523,0.7701,0.0138,0.4715,69.8974,False
149,126,152,90,0.0344,0.0041,0.8767,0.0,0.6655,70.5629,False
150,117,147,89,0.0623,0.0034,0.8733,0.0,0.7212,71.2841,False
151,114,146,93,-0.0566,-0.0585,0.8063,0.0089,0.6194,71.9035,False
152,120,141,101,0.0044,0.0257,0.8444,0.0,0.5824,72.4859,False
153,120,153,92,-0.0032,0.0472,0.8503,0.0152,0.5815,73.0674,False
154,122,149,94,-0.0456,-0.11,0.779,0.0,0.5288,73.5962,False
155,121,153,88,-0.0393,0.1076,0.7731,0.0,0.4822,74.0784,False
156,109,141,87,-0.1141,-0.1636,0.7771,0.0125,0.5196,74.598,False
157,109,147,93,-0.1313,-0.0533,0.7748,0.0,0.5163,75.1144,False
158,112,145,96,-0.0954,-0.1363,0.767,0.0,0.379,75.4933,False
159,100,139,92,-0.2004,-0.1413,0.7253,0.0,0.4315,75.9249,False
160,108,150,90,-0.1203,-0.0862,0.7422,0.0234,0.4963,76.4212,False
161,115,140,97,-0.1612,-0.2067,0.748,0.0006,0.4673,76.8885,False
162,114,146,96,-0.2024,-0.2352,0.6907,0.0,0.4473,77.3357,False
163,116,142,97,-0.1749,-0.1638,0.7249,0.0,0.5544,77.8902,False
164,111,147,91,-0.2022,-0.0603,0.8228,0.0429,0.5428,78.4329,False
165,111,136,99,-0.249,-0.1552,0.8015,0.0016,0.5907,79.0236,False
166,120,145,91,-0.1873,-0.0598,0.8062,0.0,0.6135,79.6371,False
167,118,140,96,-0.1288,0.0147,0.8281,0.0,0.5605,80.1976,False
168,125,157,91,-0.2293,-0.1409,0.7656,0.0024,0.437,80.6346,False
169,119,143,94,-0.2305,-0.2279,0.7483,0.0,0.4611,81.0957,False
170,111,148,91,-0.1722,-0.1252,0.764,0.007,0.497,81.5927,False
171,108,140,87,-0.2951,-0.2039,0.6524,0.0079,0.3765,81.9692,False
172,129,146,95,-0.2156,-0.0989,0.7304,0.0046,0.4517,82.4208,False
173,114,140,90,-0.2628,-0.2328,0.6793,0.0,0.4086,82.8295,False
174,103,133,93,-0.432,-0.3417,0.6995,0.0,0.4373,83.2668,False
175,113,144,83,-0.4018,-0.231,0.7093,0.0063,0.3531,83.6199,False
176,112,146,93,-0.3024,-0.1865,0.743,0.0131,0.4128,84.0326,False
177,108,139,83,-0.3444,-0.2661,0.7108,0.0066,0.352,84.3846,False
178,115,138,91,-0.3218,-0.2931,0.7036,0.0044,0.4336,84.8182,False
179,120,139,88,-0.3033,-0.2369,0.6974,0.0,0.4613,85.2795,False
180,110,141,92,-0.3326,-0.2461,0.7172,0.0032,0.4635,85.743,False
181,107,136,94,-0.4489,-0.3156,0.6113,0.0,0.3237,86.0667,False
182,112,153,100,-0.3021,-0.3059,0.7123,0.0,0.4449,86.5116,False
183,116,139,82,-0.3619,-0.1873,0.6962,0.0004,0.4801,86.9917,False
184,111,146,89,-0.3778,-0.2359,0.7124,0.0327,0.4704,87.4621,False
185,123,147,92,-0.2583,-0.083,0.8076,0.0019,0.5041,87.9662,False
186,113,145,90,-0.2817,-0.1942,0.8259,0.0,0.4486,88.4148,False
187,104,141,92,-0.3596,-0.258,0.7365,0.0,0.4226,88.8374,False
188,111,143,90,-0.3332,-0.1969,0.6757,0.0287,0.3761,89.2135,False
189,107,138,86,-0.3685,-0.2892,0.7115,0.0,0.3857,89.5992,False
190,114,136,77,-0.3413,-0.2448,0.6941,0.016,0.5291,90.1283,False
191,108,143,96,-0.3534,-0.2911,0.6727,0.0341,0.3536,90.4819,False
192,116,138,88,-0.255,-0.1778,0.7818,0.0,0.5089,90.9908,False
193,109,131,90,-0.3554,-0.3593,0.6786,0.0062,0.3814,91.3722,False
194,110,139,96,-0.3159,-0.1923,0.8072,0.0,0.5294,91.9016,False
195,104,134,97,-0.3713,-0.2292,0.822,0.0126,0.4162,92.3178,False
196,111,141,92,-0.3906,-0.3013,0.6587,0.0,0.4327,92.7505,False
197,115,141,92,-0.2962,-0.1144,0.7787,0.0,0.4784,93.2288,False
198,111,138,86,-0.2965,-0.256,0.6952,0.0136,0.3823,93.6111,False
199,117,145,86,-0.3422,-0.2916,0.6349,0.003,0.3229,93.934,False
200,121,152,87,-0.2702,-0.348,0.6864,0.0123,0.3209,94.2549,False
201,114,147,94,-0.2477,-0.1029,0.8738,0.0099,0.6846,94.9395,False
202,109,146,100,-0.34,-0.243,0.6838,0.0017,0.384,95.3235,False
203,117,140,91,-0.3216,-0.2634,0.6591,0.0,0.4396,95.7631,False
204,115,147,88,-0.3047,-0.1702,0.7354,0.0,0.4843,96.2474,False
205,108,136,86,-0.1899,-0.1568,0.7817,0.0009,0.5717,96.8191,False
206,117,142,86,-0.2973,-0.3249,0.6724,0.0,0.3739,97.1931,False
207,119,140,96,-0.2458,-0.2165,0.6972,0.0,0.5225,97.7156,False
208,121,143,85,-0.2831,-0.2003,0.7117,0.0,0.4621,98.1777,False
209,121,139,88,-0.2472,-0.1555,0.7352,0.0,0.3863,98.5639,False
210,122,152,87,-0.2177,-0.0971,0.7888,0.0,0.5429,99.1068,False
211,110,139,94,-0.2873,-0.1532,0.9031,0.0,0.6013,99.7082,False
212,121,142,90,-0.2759,-0.1524,0.7664,0.0117,0.4503,100.1585,False
213,116,143,81,-0.2831,-0.0717,0.8421,0.0143,0.5877,100.7462,False
214,116,132,88,-0.2545,-0.0557,0.8132,0.0114,0.4927,101.2389,False
215,113,147,88,-0.2184,-0.2237,0.6949,0.017,0.4342,101.6732,False
216,117,147,96,-0.2342,-0.2488,0.801,0.0,0.5221,102.1953,False
217,124,144,86,-0.2179,-0.0747,0.8192,0.0159,0.5532,102.7485,False
218,112,137,85,-0.2601,-0.2257,0.8097,0.0264,0.5604,103.309,False
219,115,146,82,-0.1837,-0.0182,0.8247,0.0,0.5271,103.8361,False
220,112,149,98,-0.0761,-0.0646,0.833,0.0214,0.5028,104.3389,False
221,116,146,95,-0.1862,-0.1513,0.8162,0.0,0.5501,104.889,False
222,116,142,88,-0.1803,-0.1496,0.7418,0.0108,0.3896,105.2786,False
223,117,149,90,-0.1372,-0.1369,0.8292,0.0,0.6361,105.9147,False
224,113,139,83,-0.2132,-0.2546,0.6808,0.0,0.3842,106.2989,False
225,119,143,88,-0.2746,-0.1263,0.8759,0.0,0.6072,106.9061,False
226,110,143,89,-0.2012,-0.0957,0.7775,0.0042,0.5307,107.4368,False
227,119,147,94,-0.1474,-0.0405,0.8389,0.0068,0.5917,108.0285,False
228,118,145,86,-0.2063,-0.1684,0.7628,0.0396,0.4421,108.4706,False
229,126,162,90,-0.1098,-0.097,0.7901,0.0,0.5572,109.0278,False
230,123,140,92,-0.2033,-0.1581,0.7713,0.0089,0.4627,109.4906,False
231,116,147,91,-0.1106,-0.0933,0.8719,0.0354,0.6123,110.1029,False
232,106,141,94,-0.2252,-0.2096,0.7616,0.0195,0.4336,110.5365,False
233,118,138,94,-0.1872,-0.1554,0.7894,0.0283,0.4675,111.004,False
234,112,136,97,-0.1935,-0.0516,0.8358,0.0,0.6488,111.6528,False
235,116,139,95,-0.1914,-0.099,0.8529,0.0062,0.5766,112.2294,False
236,114,144,85,-0.2943,-0.2473,0.7009,0.0,0.3823,112.6116,False
237,97,142,89,-0.3169,-0.2955,0.7566,0.0326,0.4322,113.0438,False
238,113,148,93,-0.2658,-0.146,0.795,0.0,0.5274,113.5712,False
239,117,132,81,-0.3113,-0.1593,0.7937,0.0,0.5178,114.089,False
240,115,147,93,-0.1643,-0.1127,0.7875,0.008,0.4992,114.5881,False
241,111,139,92,-0.3381,-0.1852,0.7351,0.0021,0.3473,114.9354,False
242,116,142,91,-0.1892,-0.1399,0.7699,0.0,0.5001,115.4355,False
243,117,135,84,-0.2826,-0.2619,0.685,0.0443,0.4166,115.8521,False
244,117,139,88,-0.3461,-0.1823,0.7952,0.0,0.4846,116.3367,False
245,112,140,95,-0.319,-0.2496,0.6126,0.0,0.3259,116.6625,False
246,116,140,94,-0.3493,-0.2296,0.7994,0.0108,0.4096,117.0722,False
247,111,139,93,-0.3156,-0.118,0.7739,0.0,0.4884,117.5606,False
248,113,146,87,-0.2648,-0.1452,0.8532,0.0,0.6769,118.2374,False
249,116,140,81,-0.293,-0.2078,0.8177,0.0,0.4943,118.7318,False
250,111,150,91,-0.2916,-0.3257,0.6819,0.0,0.3223,119.0541,False
251,109,138,90,-0.3146,-0.1332,0.8594,0.0152,0.6354,119.6895,False
252,109,142,79,-0.2697,-0.2601,0.7287,0.0238,0.4762,120.1657,False
253,123,148,85,-0.3276,-0.1636,0.7485,0.0067,0.4013,120.567,False
254,118,143,91,-0.2748,-0.1778,0.8026,0.0022,0.4501,121.0171,False
255,119,143,91,-0.3777,-0.3361,0.6923,0.0,0.4449,121.462,False
256,107,139,92,-0.34,-0.2528,0.6762,0.002,0.3946,121.8565,False
257,108,135,92,-0.2646,-0.1253,0.7621,0.0,0.4654,122.3219,False
258,114,140,88,-0.3004,-0.2069,0.6835,0.0219,0.3597,122.6816,False
259,120,139,91,-0.3126,-0.2908,0.7391,0.0449,0.3963,123.078,False
260,113,132,90,-0.3822,-0.2471,0.7598,0.0201,0.5234,123.6013,False
261,107,143,92,-0.3577,-0.347,0.65,0.0,0.413,124.0144,False
262,115,137,91,-0.3202,-0.279,0.697,0.0213,0.4581,124.4725,False
263,107,141,89,-0.4266,-0.3008,0.717,0.0,0.4227,124.8952,False
264,114,143,87,-0.4312,-0.171,0.7437,0.0273,0.4978,125.393,False
265,110,136,84,-0.5069,-0.4212,0.5763,0.0,0.3144,125.7074,False
266,109,148,96,-0.2773,-0.2547,0.745,0.0112,0.4786,126.186,False
267,105,137,88,-0.4871,-0.4039,0.5977,0.0102,0.3445,126.5305,False
268,117,138,100,-0.2981,-0.1465,0.8124,0.0214,0.4867,127.0172,False
269,112,132,97,-0.3638,-0.2321,0.7256,0.0158,0.4253,127.4426,False
270,110,140,99,-0.2906,-0.1356,0.7488,0.0143,0.539,127.9815,False
271,116,140,93,-0.3636,-0.3282,0.6636,0.0159,0.4338,128.4154,False
272,108,135,93,-0.3917,-0.2171,0.7532,0.0,0.5065,128.9218,False
273,110,135,95,-0.3438,-0.2362,0.7884,0.0,0.525,129.4468,False
274,118,138,88,-0.3965,-0.2616,0.7211,0.0,0.3544,129.8012,False
275,112,139,96,-0.3057,-0.265,0.6632,0.0111,0.3249,130.1261,False
276,115,140,83,-0.3079,-0.2854,0.711,0.0,0.393,130.519,False
277,109,135,94,-0.281,-0.2738,0.7057,0.0209,0.3326,130.8516,False
278,124,144,92,-0.3008,-0.22,0.7644,0.0042,0.4038,131.2554,False
279,111,139,95,-0.3336,-0.3327,0.5474,0.0126,0.3016,131.557,False
280,121,143,94,-0.2929,-0.3005,0.6764,0.0547,0.355,131.912,False
281,111,144,88,-0.2747,-0.2449,0.7288,0.0133,0.4536,132.3655,False
282,116,137,87,-0.4439,-0.2655,0.7135,0.0,0.343,132.7086,False
283,108,143,88,-0.323,-0.1687,0.752,0.0022,0.4457,133.1543,False
284,115,148,86,-0.2663,-0.2067,0.7882,0.0,0.4347,133.5889,False
285,118,142,90,-0.2021,-0.1696,0.7325,0.0106,0.5727,134.1616,False
286,116,132,98,-0.3029,-0.3051,0.6364,0.0048,0.2502,134.4119,False
287,126,139,90,-0.2459,-0.1851,0.7222,0.0,0.4129,134.8247,False
288,110,134,101,-0.1425,-0.1127,0.7909,0.0114,0.5035,135.3282,False
289,115,143,87,-0.2107,-0.2086,0.6569,0.0,0.3866,135.7148,False
290,119,142,93,-0.2507,-0.1467,0.7984,0.0128,0.4698,136.1845,False
291,124,158,90,-0.1665,-0.1449,0.7351,0.0,0.4935,136.678,False
292,107,142,95,-0.1423,-0.1277,0.7837,0.0,0.6001,137.278,False
293,118,144,87,-0.194,-0.0328,0.8008,0.0057,0.4569,137.735,False
294,109,139,95,-0.2309,-0.1424,0.7009,0.0,0.4542,138.1891,False
295,108,141,90,-0.0942,-0.1665,0.7878,0.0,0.4515,138.6407,False
296,124,147,94,-0.1104,-0.0455,0.8256,0.0,0.4875,139.1281,False
297,122,142,92,-0.0948,-0.1183,0.7606,0.0281,0.4534,139.5815,False
298,123,147,98,-0.0575,-0.0321,0.8204,0.0,0.5646,140.1461,False
299,110,145,99,-0.1036,-0.0473,0.8016,0.0,0.5355,140.6815,False
300,117,133,94,-0.0821,-0.1076,0.7987,0.011,0.4846,141.1661,False
301,105,142,89,-0.1469,-0.0793,0.817,0.0008,0.5895,141.7556,False
302,119,148,94,0.0801,0.059,0.8576,0.0,0.4479,142.2036,False
303,115,149,95,0.0448,0.134,0.7218,0.0116,0.4594,142.663,False
304,114,149,99,-0.0217,-0.0289,0.8589,0.0,0.6795,143.3425,False
305,117,146,91,0.0096,-0.0384,0.8863,0.0,0.6161,143.9586,False
306,108,144,88,0.095,0.1042,0.8399,0.0,0.5052,144.4638,False
307,117,152,93,0.0803,0.1569,0.6912,0.0,0.3698,144.8337,False
308,113,143,95,0.0511,0.0763,0.7646,0.0,0.5035,145.3371,False
309,114,145,94,0.1184,0.0951,0.7842,0.0248,0.5532,145.8903,False
310,109,141,93,0.1765,0.2485,0.7105,0.0049,0.3303,146.2206,False
311,118,145,91,0.1593,0.2268,0.6772,0.0,0.4573,146.6779,False
312,115,149,83,0.1821,0.224,0.7075,0.0,0.4781,147.156,False
313,125,138,92,0.1796,0.1779,0.7314,0.0278,0.4658,147.6218,False
314,108,140,93,0.1823,0.0853,0.7505,0.0186,0.4121,148.0339,False
315,107,147,86,0.2358,0.2242,0.8187,0.0348,0.5073,148.5412,False
316,107,149,92,0.2601,0.1134,0.7756,0.0,0.4643,149.0055,False
317,113,155,95,0.2701,0.2763,0.7693,0.0372,0.3719,149.3774,False
318,115,140,101,0.2031,0.1879,0.7866,0.027,0.4006,149.778,False
319,117,150,86,0.2324,0.2699,0.6449,0.0,0.3475,150.1255,False
320,108,141,88,0.1562,0.0687,0.8292,0.0,0.4488,150.5742,False
321,120,141,95,0.2176,0.2131,0.7322,0.0036,0.4284,151.0026,False
322,117,130,92,0.3425,0.2598,0.739,0.0002,0.4906,151.4932,False
323,113,137,88,0.2972,0.1472,0.7231,0.0,0.4352,151.9284,False
324,114,135,92,0.3985,0.2763,0.7322,0.0265,0.4203,152.3487,False
325,110,138,94,0.3283,0.3002,0.6464,0.0037,0.4105,152.7591,False
326,106,147,92,0.2747,0.2547,0.7652,0.0,0.4649,153.224,False
327,112,136,100,0.3342,0.1964,0.7178,0.0148,0.4913,153.7153,False
328,108,145,83,0.3215,0.2413,0.7356,0.0107,0.3946,154.1099,False
329,117,139,82,0.3226,0.2677,0.6705,0.0244,0.365,154.4749,False
330,110,138,83,0.3436,0.165,0.7162,0.0019,0.4299,154.9047,False
331,107,140,87,0.4056,0.212,0.7122,0.0,0.4419,155.3466,False
332,116,125,89,0.4565,0.3819,0.6541,0.016,0.2846,155.6313,False
333,108,138,101,0.3597,0.3263,0.6673,0.0,0.421,156.0523,False
334,111,139,83,0.3275,0.2652,0.7259,0.0,0.4072,156.4594,False
335,114,134,96,0.3565,0.3055,0.7021,0.0,0.3968,156.8562,False
336,107,135,86,0.4275,0.2362,0.7428,0.0,0.4301,157.2863,False
337,116,139,96,0.377,0.2656,0.7032,0.0,0.3248,157.6111,False
338,116,143,97,0.3469,0.3314,0.7177,0.0,0.4511,158.0622,False
339,110,141,84,0.2369,0.224,0.797,0.0052,0.5895,158.6517,False
340,114,141,84,0.33,0.2412,0.6922,0.0,0.4117,159.0635,False
341,117,134,76,0.3452,0.409,0.5892,0.0,0.2926,159.356,False
342,113,132,79,0.3944,0.3116,0.6371,0.0,0.4573,159.8133,False
343,115,141,92,0.3209,0.2195,0.7234,0.0008,0.3747,160.188,False
344,112,140,86,0.3695,0.3476,0.6761,0.0,0.3931,160.5812,False
345,117,136,85,0.397,0.296,0.7159,0.0274,0.3803,160.9614,False
346,107,132,88,0.2637,0.1504,0.7581,0.0,0.5607,161.5221,False
347,110,148,83,0.2807,0.2096,0.7408,0.0,0.4959,162.0179,False
348,113,144,81,0.2775,0.239,0.6767,0.0147,0.3901,162.408,False
349,111,140,92,0.3983,0.2818,0.6952,0.0153,0.3723,162.7803,False
350,103,138,89,0.3487,0.2677,0.7179,0.0,0.3924,163.1727,False
351,104,130,96,0.3215,0.239,0.7104,0.0,0.4721,163.6448,False
352,107,146,85,0.3056,0.1058,0.8207,0.0,0.4858,164.1306,False
353,113,144,83,0.359,0.2174,0.7594,0.0113,0.4727,164.6033,False
354,102,136,94,0.3572,0.258,0.686,0.0,0.3348,164.9381,False
355,111,140,89,0.2744,0.2934,0.7473,0.0018,0.3964,165.3345,False
356,118,134,93,0.2642,0.2027,0.7793,0.0274,0.5118,165.8463,False
357,123,133,91,0.3593,0.3577,0.6818,0.0029,0.4652,166.3115,False
358,111,140,93,0.2664,0.2413,0.7394,0.0038,0.3997,166.7112,False
359,100,137,88,0.2794,0.3066,0.7013,0.0,0.4056,167.1168,False
360,109,136,86,0.3333,0.1919,0.7694,0.0359,0.5078,167.6246,False
361,116,149,91,0.2214,0.2496,0.706,0.0266,0.3988,168.0234,False
362,115,136,91,0.2832,0.1523,0.7067,0.0,0.5088,168.5321,False
363,120,141,87,0.2383,0.298,0.6797,0.0089,0.405,168.9371,False
364,118,145,88,0.2029,0.0519,0.9101,0.0,0.6466,169.5838,False
365,117,151,91,0.1619,0.0196,0.8482,0.0,0.6322,170.216,False
366,111,129,98,0.2589,0.2218,0.7004,0.0,0.4461,170.6621,False
367,116,135,89,0.2389,0.2286,0.7116,0.0,0.4558,171.1179,False
368,116,140,95,0.2029,0.1267,0.7465,0.0218,0.5203,171.6381,False
369,112,139,87,0.1915,0.1257,0.6613,0.005,0.501,172.1392,False
370,117,145,82,0.2094,0.1555,0.7288,0.0176,0.5027,172.6419,False
371,117,146,89,0.1315,0.0639,0.8321,0.0025,0.4947,173.1366,False
372,121,142,101,0.1923,0.1972,0.6965,0.0108,0.3902,173.5268,False
373,115,132,85,0.2449,0.1954,0.7941,0.0058,0.5125,174.0393,False
374,118,143,94,0.2397,0.1669,0.7522,0.0077,0.4867,174.526,False
375,115,149,80,0.1914,0.1841,0.7966,0.0,0.5647,175.0907,False
376,115,134,92,0.2151,0.1661,0.7889,0.0259,0.506,175.5967,False
377,119,151,89,0.1574,0.1632,0.7295,0.0,0.4769,176.0735,False
378,120,154,91,0.1837,0.0624,0.8174,0.0,0.5644,176.6379,False
379,110,132,91,0.1528,0.132,0.7834,0.0,0.4349,177.0728,False
380,107,144,90,0.2605,0.1765,0.7404,0.0,0.435,177.5079,False
381,111,147,97,0.1445,0.0801,0.7905,0.0,0.4805,177.9884,False
382,110,140,89,0.205,0.135,0.773,0.0022,0.4874,178.4758,False
383,105,151,81,0.2786,0.1835,0.6536,0.0417,0.4188,178.8946,False
384,108,140,83,0.2411,0.2462,0.714,0.0436,0.3418,179.2363,False
385,115,146,94,0.1941,0.1527,0.75,0.0056,0.4898,179.7262,False
386,118,134,91,0.2791,0.1981,0.6362,0.0,0.4665,180.1927,False
387,118,139,93,0.178,0.1384,0.7328,0.0,0.3854,180.5781,False
388,114,153,90,0.1526,0.1109,0.7961,0.0046,0.5512,181.1293,False
389,123,140,95,0.2391,0.0849,0.8004,0.0,0.4983,181.6276,False
390,116,131,92,0.2871,0.2565,0.7533,0.0,0.4374,182.065,False
391,108,146,83,0.3748,0.3106,0.7047,0.0291,0.401,182.4659,False
392,115,144,87,0.236,0.1476,0.6778,0.0,0.4817,182.9476,False
393,111,137,92,0.2444,0.1615,0.7718,0.0,0.4357,183.3834,False
394,113,146,88,0.3028,0.2393,0.6623,0.0,0.4418,183.8251,False
395,116,136,87,0.3082,0.2618,0.6741,0.0355,0.4209,184.246,False
396,114,134,90,0.3418,0.2368,0.7658,0.0025,0.4856,184.7317,False
397,114,141,78,0.32,0.2676,0.7089,0.016,0.4487,185.1804,False
398,113,133,88,0.3662,0.2535,0.6909,0.0012,0.3935,185.5739,False
399,110,139,87,0.2559,0.1394,0.8265,0.0371,0.5723,186.1463,False
400,113,143,91,0.2459,0.1727,0.7289,0.0,0.3636,186.5099,False
401,128,143,93,0.28,0.2032,0.7958,0.0,0.4766,186.9865,False
402,101,153,94,0.2756,0.1295,0.7353,0.026,0.5067,187.4932,False
403,115,138,87,0.271,0.2481,0.6833,0.0,0.4505,187.9436,False
404,111,148,96,0.3292,0.1403,0.7414,0.0,0.5559,188.4995,False
405,113,136,84,0.2452,0.1588,0.7213,0.0217,0.4035,188.903,False
406,119,144,84,0.3371,0.2471,0.6615,0.0,0.4349,189.338,False
407,107,139,86,0.3566,0.3158,0.7526,0.0,0.4466,189.7846,False
408,110,137,95,0.3574,0.1283,0.7436,0.0396,0.399,190.1836,False
409,111,137,91,0.319,0.3451,0.6766,0.0,0.3895,190.573,False
410,114,131,94,0.3422,0.1845,0.7643,0.0,0.5291,191.1021,False
411,110,140,92,0.3284,0.1835,0.665,0.0234,0.4615,191.5636,False
412,114,138,90,0.3525,0.2148,0.6749,0.0,0.46,192.0236,False
413,102,141,82,0.3459,0.221,0.7588,0.0,0.4939,192.5176,False
414,103,143,91,0.3879,0.1612,0.7174,0.0,0.426,192.9435,False
415,116,147,99,0.3367,0.2463,0.6954,0.0,0.4552,193.3988,False
416,115,130,85,0.4743,0.326,0.6866,0.0,0.4349,193.8337,False
417,110,138,83,0.4958,0.3602,0.6519,0.011,0.3133,194.1469,False
418,114,146,89,0.3865,0.394,0.7042,0.0475,0.3962,194.5432,False
419,116,146,90,0.2389,0.1284,0.7139,0.0,0.4412,194.9844,False
420,112,141,93,0.4097,0.2234,0.7023,0.0038,0.4431,195.4275,False
421,120,134,91,0.4234,0.3042,0.6878,0.0,0.4451,195.8727,False
422,109,142,97,0.2654,0.1453,0.8068,0.0169,0.5541,196.4267,False
423,105,153,90,0.3666,0.2725,0.7295,0.024,0.3928,196.8195,True
